{\rtf1\ansi\ansicpg936\cocoartf1671\cocoasubrtf200
{\fonttbl\f0\fmodern\fcharset0 Courier;}
{\colortbl;\red255\green255\blue255;\red0\green0\blue0;\red255\green255\blue255;}
{\*\expandedcolortbl;;\cssrgb\c0\c0\c0;\cssrgb\c100000\c100000\c100000;}
\paperw11900\paperh16840\margl1440\margr1440\vieww10800\viewh8400\viewkind0
\deftab720
\pard\pardeftab720\sl320\partightenfactor0

\f0\fs28 \cf2 \cb3 \expnd0\expndtw0\kerning0
\outl0\strokewidth0 \strokec2 Date,Start (ET),Visitor/Neutral,PTS,Home/Neutral,PTS,,,Attend.,Notes\
Tue Oct 16 2018,8:00p,Philadelphia 76ers,87,Boston Celtics,105,Box Score,,18624,\
Tue Oct 16 2018,10:30p,Oklahoma City Thunder,100,Golden State Warriors,108,Box Score,,19596,\
Wed Oct 17 2018,7:00p,Milwaukee Bucks,113,Charlotte Hornets,112,Box Score,,17889,\
Wed Oct 17 2018,7:00p,Brooklyn Nets,100,Detroit Pistons,103,Box Score,,20332,\
Wed Oct 17 2018,8:00p,New Orleans Pelicans,131,Houston Rockets,112,Box Score,,18055,\
Wed Oct 17 2018,7:00p,Memphis Grizzlies,83,Indiana Pacers,111,Box Score,,17923,\
Wed Oct 17 2018,10:30p,Denver Nuggets,107,Los Angeles Clippers,98,Box Score,,19068,\
Wed Oct 17 2018,7:30p,Atlanta Hawks,107,New York Knicks,126,Box Score,,18249,\
Wed Oct 17 2018,7:00p,Miami Heat,101,Orlando Magic,104,Box Score,,19191,\
Wed Oct 17 2018,10:30p,Dallas Mavericks,100,Phoenix Suns,121,Box Score,,18055,\
Wed Oct 17 2018,10:00p,Utah Jazz,123,Sacramento Kings,117,Box Score,,17583,\
Wed Oct 17 2018,8:30p,Minnesota Timberwolves,108,San Antonio Spurs,112,Box Score,,18354,\
Wed Oct 17 2018,7:30p,Cleveland Cavaliers,104,Toronto Raptors,116,Box Score,,19915,\
Thu Oct 18 2018,8:00p,Chicago Bulls,108,Philadelphia 76ers,127,Box Score,,20302,\
Thu Oct 18 2018,10:30p,Los Angeles Lakers,119,Portland Trail Blazers,128,Box Score,,19996,\
Thu Oct 18 2018,8:00p,Miami Heat,113,Washington Wizards,112,Box Score,,20409,\
Fri Oct 19 2018,7:30p,New York Knicks,105,Brooklyn Nets,107,Box Score,,17732,\
Fri Oct 19 2018,10:30p,Oklahoma City Thunder,92,Los Angeles Clippers,108,Box Score,,14816,\
Fri Oct 19 2018,8:00p,Atlanta Hawks,117,Memphis Grizzlies,131,Box Score,,17019,\
Fri Oct 19 2018,8:30p,Indiana Pacers,101,Milwaukee Bucks,118,Box Score,,17341,\
Fri Oct 19 2018,8:00p,Cleveland Cavaliers,123,Minnesota Timberwolves,131,Box Score,,18978,\
Fri Oct 19 2018,8:00p,Sacramento Kings,129,New Orleans Pelicans,149,Box Score,,18337,\
Fri Oct 19 2018,7:00p,Charlotte Hornets,120,Orlando Magic,88,Box Score,,17668,\
Fri Oct 19 2018,8:00p,Boston Celtics,101,Toronto Raptors,113,Box Score,,19800,\
Fri Oct 19 2018,10:30p,Golden State Warriors,124,Utah Jazz,123,Box Score,,18306,\
Sat Oct 20 2018,8:00p,Detroit Pistons,118,Chicago Bulls,116,Box Score,,21289,\
Sat Oct 20 2018,8:30p,Minnesota Timberwolves,136,Dallas Mavericks,140,Box Score,,20205,\
Sat Oct 20 2018,9:00p,Phoenix Suns,91,Denver Nuggets,119,Box Score,,19592,\
Sat Oct 20 2018,7:00p,Brooklyn Nets,112,Indiana Pacers,132,Box Score,,17007,\
Sat Oct 20 2018,10:30p,Houston Rockets,124,Los Angeles Lakers,115,Box Score,,18997,\
Sat Oct 20 2018,8:00p,Charlotte Hornets,113,Miami Heat,112,Box Score,,19600,\
Sat Oct 20 2018,7:30p,Boston Celtics,103,New York Knicks,101,Box Score,,19427,\
Sat Oct 20 2018,7:30p,Orlando Magic,115,Philadelphia 76ers,116,Box Score,,20300,\
Sat Oct 20 2018,10:00p,San Antonio Spurs,108,Portland Trail Blazers,121,Box Score,,19461,\
Sat Oct 20 2018,7:00p,Toronto Raptors,117,Washington Wizards,113,Box Score,,16185,\
Sun Oct 21 2018,6:00p,Atlanta Hawks,133,Cleveland Cavaliers,111,Box Score,,19432,\
Sun Oct 21 2018,8:00p,Golden State Warriors,98,Denver Nuggets,100,Box Score,,19520,\
Sun Oct 21 2018,9:00p,Houston Rockets,112,Los Angeles Clippers,115,Box Score,,16149,\
Sun Oct 21 2018,7:00p,Sacramento Kings,131,Oklahoma City Thunder,120,Box Score,,18203,\
Mon Oct 22 2018,7:30p,Orlando Magic,93,Boston Celtics,90,Box Score,,18624,\
Mon Oct 22 2018,8:30p,Chicago Bulls,109,Dallas Mavericks,115,Box Score,,19291,\
Mon Oct 22 2018,10:30p,Phoenix Suns,103,Golden State Warriors,123,Box Score,,19596,\
Mon Oct 22 2018,10:30p,San Antonio Spurs,143,Los Angeles Lakers,142,Box Score,OT,18997,\
Mon Oct 22 2018,8:00p,New York Knicks,113,Milwaukee Bucks,124,Box Score,,16228,\
Mon Oct 22 2018,8:00p,Indiana Pacers,91,Minnesota Timberwolves,101,Box Score,,10371,\
Mon Oct 22 2018,10:00p,Washington Wizards,125,Portland Trail Blazers,124,Box Score,OT,19187,\
Mon Oct 22 2018,7:30p,Charlotte Hornets,106,Toronto Raptors,127,Box Score,,19800,\
Mon Oct 22 2018,9:00p,Memphis Grizzlies,92,Utah Jazz,84,Box Score,,18306,\
Tue Oct 23 2018,9:00p,Sacramento Kings,112,Denver Nuggets,126,Box Score,,13214,\
Tue Oct 23 2018,7:00p,Philadelphia 76ers,132,Detroit Pistons,133,Box Score,OT,14418,\
Tue Oct 23 2018,8:00p,Los Angeles Clippers,109,New Orleans Pelicans,116,Box Score,,14625,\
Wed Oct 24 2018,7:00p,Dallas Mavericks,104,Atlanta Hawks,111,Box Score,,16705,\
Wed Oct 24 2018,8:00p,Charlotte Hornets,110,Chicago Bulls,112,Box Score,,19170,\
Wed Oct 24 2018,7:00p,Brooklyn Nets,102,Cleveland Cavaliers,86,Box Score,,19432,\
Wed Oct 24 2018,10:30p,Washington Wizards,122,Golden State Warriors,144,Box Score,,19596,\
Wed Oct 24 2018,8:00p,Utah Jazz,100,Houston Rockets,89,Box Score,,18055,\
Wed Oct 24 2018,7:30p,New York Knicks,87,Miami Heat,110,Box Score,,19600,\
Wed Oct 24 2018,9:30p,Philadelphia 76ers,108,Milwaukee Bucks,123,Box Score,,17341,\
Wed Oct 24 2018,10:00p,Los Angeles Lakers,131,Phoenix Suns,113,Box Score,,18055,\
Wed Oct 24 2018,10:00p,Memphis Grizzlies,92,Sacramento Kings,97,Box Score,,14198,\
Wed Oct 24 2018,8:30p,Indiana Pacers,116,San Antonio Spurs,96,Box Score,,18354,\
Wed Oct 24 2018,7:30p,Minnesota Timberwolves,105,Toronto Raptors,112,Box Score,,19800,\
Thu Oct 25 2018,7:00p,Cleveland Cavaliers,103,Detroit Pistons,110,Box Score,,15896,\
Thu Oct 25 2018,10:30p,Denver Nuggets,114,Los Angeles Lakers,121,Box Score,,18997,\
Thu Oct 25 2018,8:00p,Boston Celtics,101,Oklahoma City Thunder,95,Box Score,,18203,\
Thu Oct 25 2018,7:00p,Portland Trail Blazers,128,Orlando Magic,114,Box Score,,15114,\
Fri Oct 26 2018,7:00p,Chicago Bulls,106,Charlotte Hornets,135,Box Score,,15220,\
Fri Oct 26 2018,8:00p,Los Angeles Clippers,133,Houston Rockets,113,Box Score,,18055,\
Fri Oct 26 2018,8:00p,Milwaukee Bucks,125,Minnesota Timberwolves,95,Box Score,,16334,\
Fri Oct 26 2018,8:00p,Brooklyn Nets,115,New Orleans Pelicans,117,Box Score,,15272,\
Fri Oct 26 2018,7:30p,Golden State Warriors,128,New York Knicks,100,Box Score,,19812,\
Fri Oct 26 2018,10:00p,Washington Wizards,112,Sacramento Kings,116,Box Score,,14101,\
Fri Oct 26 2018,7:30p,Dallas Mavericks,107,Toronto Raptors,116,Box Score,,19800,\
Sat Oct 27 2018,7:30p,Chicago Bulls,97,Atlanta Hawks,85,Box Score,,15549,\
Sat Oct 27 2018,7:30p,Indiana Pacers,119,Cleveland Cavaliers,107,Box Score,,19432,\
Sat Oct 27 2018,7:00p,Boston Celtics,109,Detroit Pistons,89,Box Score,,18120,\
Sat Oct 27 2018,8:00p,Phoenix Suns,96,Memphis Grizzlies,117,Box Score,,15926,\
Sat Oct 27 2018,8:00p,Portland Trail Blazers,111,Miami Heat,120,Box Score,,19600,\
Sat Oct 27 2018,8:30p,Orlando Magic,91,Milwaukee Bucks,113,Box Score,,17341,\
Sat Oct 27 2018,7:00p,Utah Jazz,132,New Orleans Pelicans,111,Box Score,,16373,\
Sat Oct 27 2018,7:30p,Charlotte Hornets,103,Philadelphia 76ers,105,Box Score,,20203,\
Sat Oct 27 2018,8:30p,Los Angeles Lakers,106,San Antonio Spurs,110,Box Score,,18589,\
Sun Oct 28 2018,5:00p,Golden State Warriors,120,Brooklyn Nets,114,Box Score,,17732,\
Sun Oct 28 2018,7:00p,Utah Jazz,113,Dallas Mavericks,104,Box Score,,19571,\
Sun Oct 28 2018,9:30p,Washington Wizards,104,Los Angeles Clippers,136,Box Score,,16491,\
Sun Oct 28 2018,7:00p,Phoenix Suns,110,Oklahoma City Thunder,117,Box Score,,18203,\
Mon Oct 29 2018,8:00p,Golden State Warriors,149,Chicago Bulls,124,Box Score,,21076,\
Mon Oct 29 2018,9:00p,New Orleans Pelicans,111,Denver Nuggets,116,Box Score,,15217,\
Mon Oct 29 2018,7:00p,Portland Trail Blazers,103,Indiana Pacers,93,Box Score,,15788,\
Mon Oct 29 2018,7:30p,Sacramento Kings,123,Miami Heat,113,Box Score,,19600,\
Mon Oct 29 2018,8:00p,Toronto Raptors,109,Milwaukee Bucks,124,Box Score,,17341,\
Mon Oct 29 2018,8:00p,Los Angeles Lakers,120,Minnesota Timberwolves,124,Box Score,,18978,\
Mon Oct 29 2018,7:30p,Brooklyn Nets,96,New York Knicks,115,Box Score,,19221,\
Mon Oct 29 2018,7:00p,Atlanta Hawks,92,Philadelphia 76ers,113,Box Score,,20269,\
Mon Oct 29 2018,8:30p,Dallas Mavericks,108,San Antonio Spurs,113,Box Score,OT,18354,\
Tue Oct 30 2018,7:30p,Detroit Pistons,105,Boston Celtics,108,Box Score,,18624,\
Tue Oct 30 2018,7:00p,Miami Heat,113,Charlotte Hornets,125,Box Score,,14117,\
Tue Oct 30 2018,7:00p,Atlanta Hawks,114,Cleveland Cavaliers,136,Box Score,,19432,\
Tue Oct 30 2018,8:00p,Portland Trail Blazers,104,Houston Rockets,85,Box Score,,18055,\
Tue Oct 30 2018,8:00p,Washington Wizards,95,Memphis Grizzlies,107,Box Score,,14106,\
Tue Oct 30 2018,8:00p,Los Angeles Clippers,110,Oklahoma City Thunder,128,Box Score,,18203,\
Tue Oct 30 2018,7:00p,Sacramento Kings,107,Orlando Magic,99,Box Score,,15074,\
Tue Oct 30 2018,7:30p,Philadelphia 76ers,112,Toronto Raptors,129,Box Score,,19800,\
Wed Oct 31 2018,7:30p,Detroit Pistons,119,Brooklyn Nets,120,Box Score,OT,12862,\
Wed Oct 31 2018,8:00p,Denver Nuggets,108,Chicago Bulls,107,Box Score,OT,19027,\
Wed Oct 31 2018,10:30p,New Orleans Pelicans,121,Golden State Warriors,131,Box Score,,19596,\
Wed Oct 31 2018,10:30p,Dallas Mavericks,113,Los Angeles Lakers,114,Box Score,,18997,\
Wed Oct 31 2018,8:00p,Utah Jazz,125,Minnesota Timberwolves,128,Box Score,,10079,\
Wed Oct 31 2018,8:00p,Indiana Pacers,107,New York Knicks,101,Box Score,,18295,\
Wed Oct 31 2018,10:30p,San Antonio Spurs,120,Phoenix Suns,90,Box Score,,12328,}